{
  "data": [
    {
      "v0": {
        "v": [ -0.5, -0.5, 1.0 ],
        "n": [ 0.0, 0.0, -1.0 ],
        "t": [ 0.000000, 0.000000 ]
      },

      "v1": {
        "v": [ 0.5, -0.5, 1.0 ],
        "n": [ 0.0, 0.0, -1.0 ],
        "t": [ 0.000000, 0.000000 ]
      },

      "v2": {
        "v": [ 0, 0.5, 1.0 ],
        "n": [ 0.0, 0.0, -1.0 ],
        "t": [ 0.000000, 0.000000 ]
      }
    }
  ]
}
